1.0,-176.55585332270556,-124.73565018133671,76.21498008752144
2.0,-142.29536981633555,-162.62663331797228,79.9111155062027
4.0,-151.3610102350442,-92.30403096946739,77.82773522584776
5.0,-120.27620877639988,-123.49394247693492,77.0244610793294
6.0,-120.99367803810766,-169.38990600276887,29.03328664341811
7.0,-135.20538901938863,-198.32794880218688,23.031905321547015
8.0,-175.28266819715128,-198.74973859487648,22.40648824501453
9.0,-175.9578454346478,-165.3782604686853,26.38565275012084
10.0,-135.82479228660466,-129.30729523807926,27.52487523739005
14.0,-176.6003054342409,-204.82726123349568,-11.212628776550233
15.0,-136.55090918790233,-203.1007654224984,-13.275224464497384
16.0,-121.11344873192202,-166.3566228719836,-13.384024059800183
