1.0,24.0,145.6920713179049,37.79842924015497,194.73254682058743,0.9163954559059669,0.39939758253186075,-0.02647526133204001,0.3999194460699113,-0.9163622725816439,0.018563998603205067,-0.016846514477176135,-0.027599935809887392,-0.9994770825252873
2.0,114.0,198.39151000448388,-17.70145619021905,194.52412754469492,0.41521869436621683,-0.9097079128170438,0.004994918104617105,-0.9093964118147595,-0.41491720249914066,0.029015189965374104,-0.024322870456710475,-0.016590009895857773,-0.99956649080709
3.0,204.0,142.6505098020236,-87.4744005979927,195.73068563227346,-0.9114150145646203,-0.4108737115904369,0.022482534333807466,-0.41080941299354273,0.9116893922708822,0.007620906550406236,-0.023628318223547457,-0.002290228077644508,-0.9997181890079216
4.0,294.0,97.90936703690586,52.833223306135196,197.36163138446577,0.4011664700685429,-0.9157295991498456,0.022466965384921225,-0.915992400265793,-0.4009107092997328,0.015117070618868736,-0.004835901989855256,-0.026644031407570847,-0.9996332875821494
6.0,114.0,127.88384417859189,112.2820769606018,197.80163888908828,0.3969057913503144,-0.9176529092532281,0.01946614835212787,-0.9178545728410065,-0.39674600273644567,0.011644416151339768,-0.002962415810450838,-0.022488829487961888,-0.9997427052201119
7.0,204.0,163.294262726583,-138.21083106708298,198.78281277565222,-0.9103899914451467,-0.4136420900144899,0.009501833767755322,-0.41364608427507615,0.9104362964919751,0.001633093344614987,-0.009326330489652805,-0.002443644495431492,-0.9999535230005329
9.0,24.0,183.5637190413669,-85.37375688103602,195.9454021718147,-0.9065171063503176,-0.42200429373258597,0.01179457356193367,-0.4219459941561025,0.9065925377010725,0.0071797353953675395,-0.013722751541324366,0.0015318798877321472,-0.9999046651727076
10.0,204.0,152.7141054128193,45.213585544985634,196.95858956062457,-0.9101644999264482,-0.41339566792897764,0.026544393215751996,-0.41371316113893586,0.910375566418445,-0.007599234745945692,-0.021023876285474887,-0.017898318520171035,-0.9996187507345402
102.0,204.0,181.7541284735314,84.46381177285525,194.89497131257576,-0.9095304362448258,-0.41478897341190607,0.026542288525925727,-0.4148945570601957,0.909867990782069,0.0016570672962652564,-0.024837311974534308,-0.0095050979004687,-0.9996463179784045
103.0,294.0,107.5786187305381,132.8645059476011,196.60715554711453,0.3982709049379712,-0.9170998396869897,0.01755478071599119,-0.9172436931652037,-0.3980486209955135,0.014876245232817302,-0.006655345862282175,-0.022026787547594382,-0.9997352284489057
105.0,294.0,190.19152515520906,141.30049310982872,200.25421767628708,0.3911590317663563,-0.9203225244733136,0.0010309290341001464,-0.9203136167744681,-0.3911598406888789,-0.004101927808705637,0.004178354592855371,0.0006557280820183078,-0.9999910556467885
106.0,24.0,142.08989439984768,4.006879144267019,238.469059275629,-0.9097797777732287,-0.4150148704926034,0.007963242109966002,-0.41499711612846135,0.9098146076898753,0.003843597166506768,-0.00884022397650188,0.00019210446532567606,-0.9999609060037892
107.0,114.0,109.83401247023654,91.71126396863092,238.1645792852318,0.38417804621221935,-0.9231010297440199,0.017079745141303077,-0.9232079231381184,-0.38389640386503454,0.017626166755596234,-0.009713879943853162,-0.02253974234600646,-0.999698754901401
108.0,294.0,167.75663808342503,85.44419140360222,239.0940661574327,0.410885755255366,-0.9116513228906299,0.008047459225866712,-0.911657912699725,-0.41078639301700165,0.011592649570403782,-0.007262667568320972,-0.012099784454536067,-0.9999004194798325
109.0,204.0,49.075831283859166,149.9785428014238,198.77749921888255,0.9172294480855927,0.3983359600043231,0.004313065271088603,0.39817350174613714,-0.9170785353845632,0.020611221315653745,0.012165610211460468,-0.01718787084947813,-0.9997782629282574
