1.0,-157.236328125,20.126953125,-67.060546875,-43.857421875,0.41878539976793777,-194.0625,-127.53678058590417,19.74874392035931,139.0552964798016,-0.02978515625,-0.00341796875,-0.99267578125,0.30487804878048785,0.0,0.3658536585365854
2.0,-139.833984375,20.126953125,-67.060546875,-44.560546875,0.3350351957622225,-194.0625,-126.23615830184895,-17.83574432164808,138.11701030551205,-0.038818359375,-0.00537109375,-0.990234375,0.0,0.12195121951219513,0.3658536585365854
3.0,-126.650390625,14.501953125,-64.423828125,-41.748046875,0.41878539976793777,-195.8203125,-126.41493224192402,-57.084927458339685,137.3577190848635,-0.01708984375,0.005615234375,-0.92724609375,1.4634146341463417,0.1829268292682927,-0.7926829268292683
4.0,-117.861328125,2.98828125,-55.8984375,-39.19921875,0.41878539976793777,-199.951171875,-126.98148927405646,-97.20920741329445,136.2317931657984,-0.012939453125,0.01611328125,-0.988525390625,0.06097560975609757,0.0,0.30487804878048785
5.0,-112.412109375,-12.392578125,-37.177734375,-40.60546875,0.5025322113618035,-203.642578125,-128.5777855465579,-138.33166304203127,140.77853989741203,-0.016357421875,-0.017578125,-0.98046875,0.7317073170731708,-0.06097560975609757,0.48780487804878053
6.0,-129.375,-17.490234375,-30.673828125,-42.36328125,0.5025322113618035,-204.43359375,-167.69602775942954,-100.26792460776633,139.53332631946915,-0.019287109375,-0.002197265625,-0.982421875,0.24390243902439027,0.1829268292682927,-0.24390243902439027
7.0,-138.251953125,-5.888671875,-46.845703125,-39.375,0.41878539976793777,-203.5546875,-165.34631677989256,-58.607860261820456,136.0300839956997,-0.024658203125,0.0400390625,-1.000244140625,-0.06097560975609757,0.3658536585365854,-0.24390243902439027
8.0,-149.765625,-0.263671875,-51.943359375,-38.935546875,0.5862756533817831,-202.32421875,-166.0671900483103,-20.325666013781586,138.5904176804047,-0.037109375,-0.006103515625,-0.98681640625,0.426829268292683,-0.12195121951219513,-0.06097560975609757
9.0,-155.91796875,-13.18359375,-63.896484375,-14.501953125,0.5025322113618035,-205.751953125,-204.9111719705441,-19.458093252338006,97.72972839775193,-0.04736328125,0.013427734375,-0.9951171875,0.06097560975609757,-0.48780487804878053,0.7317073170731708
10.0,-146.25,-18.544921875,-57.744140625,-15.46875,0.5862756533817831,-206.3671875,-206.17069834264439,-58.943798816336596,95.96169315679153,-0.021240234375,0.028076171875,-0.9912109375,0.30487804878048785,-0.12195121951219513,0.48780487804878053
11.0,-138.076171875,-27.421875,-43.330078125,-19.86328125,0.5862756533817831,-207.685546875,-207.7755810787724,-98.74052536588641,99.72760933156762,-0.037353515625,0.0,-0.995361328125,0.426829268292683,-0.30487804878048785,0.5487804878048781
12.0,-122.51953125,-18.544921875,-55.634765625,-16.34765625,0.2512815765391142,-207.685546875,-167.08079091878713,-138.7450832382038,101.05262483874981,-0.053466796875,0.018310546875,-1.029541015625,1.5853658536585367,0.1829268292682927,0.48780487804878053
13.0,-129.90234375,-5.80078125,-73.4765625,-12.919921875,0.41878539976793777,-205.6640625,-166.16564300839207,-95.6809942453843,95.6633150789276,-0.010498046875,0.015869140625,-1.02734375,0.30487804878048785,0.1829268292682927,0.30487804878048785
14.0,-138.33984375,4.04296875,-82.353515625,-12.65625,0.41878539976793777,-203.5546875,-166.73834562968338,-59.513027262476534,99.18037472429401,-0.041015625,-0.015869140625,-0.978271484375,1.4634146341463417,0.7317073170731708,-1.2804878048780488
15.0,-149.94140625,9.4921875,-87.451171875,-13.447265625,0.5025322113618035,-202.32421875,-165.00349569315551,-18.89380766760697,97.92503847736954,-0.052978515625,0.005859375,-0.993896484375,1.2804878048780488,-0.24390243902439027,0.1829268292682927
16.0,-139.833984375,31.025390625,-100.634765625,-22.060546875,0.2512815765391142,-194.0625,-126.7221732091488,-17.93891809900956,96.73288881980599,-0.03173828125,-0.003662109375,-0.989501953125,0.5487804878048781,0.426829268292683,0.12195121951219513
