time,joint,min_deg,max_deg,seconds,limp
2026-10-04T13:29:56.064,6,-134.82,566.54,30.0,one
2026-10-04T13:32:09.302,1,-170.51,171.04,30.0,one
2026-10-04T13:33:11.700,5,-162.69,164.88,30.0,one
2026-10-04T13:34:06.465,4,-135.53,149.33,30.0,one
2026-10-04T13:38:31.808,1,-170.86,170.95,180.0,all
2026-10-04T13:38:31.894,2,-143.17,142.47,180.0,all
2026-10-04T13:38:31.894,3,-155.74,154.78,180.0,all
2026-10-04T13:38:31.894,4,-156.45,157.15,180.0,all
2026-10-04T13:38:31.894,5,-162.77,164.71,180.0,all
2026-10-04T13:38:31.894,6,-2354.59,833.2,180.0,all
2026-10-06T12:50:52.484,6,-237.13,139.92,120.0,one
